adult,backdrop_path,genre_ids,id,title,original_language,original_title,overview,popularity,poster_path,release_date,softcore,video,vote_average,vote_count
False,/rZfmzpixLKLR3Hg2u0WgC7XLFl8.jpg,[27],1339713,Obsession,en,Obsession,"After breaking the mysterious ""One Wish Willow"" to win his crush's heart, a hopeless romantic finds himself getting exactly what he asked for but soon discovers that some desires come at a dark, sinister price.",711.9924,/6X4qFYBsG3bpWDG2XIKqr04kFJa.jpg,2026-05-13,False,False,7.926,521
False,/xugEpZk9YQ0DIz1aFvH5HGkqpZK.jpg,"[27, 9648]",1304313,Lee Cronin's The Mummy,en,Lee Cronin's The Mummy,"The young daughter of a journalist disappears into the desert without a trace—eight years later, the broken family is shocked when she is returned to them, as what should be a joyful reunion turns into a living nightmare.",430.9474,/1q308iixueCU4pFtSYugNOevtNx.jpg,2026-04-15,False,False,8.053,1575
False,/e5IdZ1OEWMYxTeu51tI67gXvfpn.jpg,"[80, 18, 53]",1433117,Kara,ta,கர,"A thief tries to go straight, but when predatory banks trap his father in debt, he returns to crime — with a determined cop closing in on his trail.",461.3196,/6U6i4qhgHR1MWkUb6OGQwNpqcZC.jpg,2026-04-30,False,False,6.1,15
False,/oUozq2XHWifwAVOoS1qHU0qfXqM.jpg,"[27, 9648, 878]",1083381,Backrooms,en,Backrooms,A strange doorway appears in the basement of a furniture showroom.,292.4706,/rhGx6E3qRNMgj3i5su2oukNHwIQ.jpg,2026-05-27,False,False,6.8,311
False,/dd31qJxOarrHyGZwYsCzOjobQzP.jpg,"[28, 53]",1380291,Tom Clancy's Jack Ryan: Ghost War,en,Tom Clancy's Jack Ryan: Ghost War,"Jack Ryan is reluctantly pulled back into espionage when an international covert mission unravels a deadly conspiracy. Racing against time, he joins CIA allies Mike November & James Greer and sharp MI6 officer Emma Marlowe to battle a rogue black-ops unit in a high-stakes, deeply personal fight.",259.5,/8ehYxUh5MWE41AeE9gkHE8DKzvB.jpg,2026-05-20,False,False,7.104,471
False,/qO55CD8tgVL1T4WKn6zYFFiD6lL.jpg,"[28, 18, 80]",1439930,The Punisher: One Last Kill,en,The Punisher: One Last Kill,"As Frank Castle searches for meaning beyond revenge, an unexpected force pulls him back into the fight.",258.8412,/qQclTgLMDvGBuUBFGHRipxkEwWR.jpg,2026-05-12,False,False,8.4,1452
False,/2I1OFQJ0L9T0dpU6FobKFWV2PxX.jpg,"[878, 12]",687163,Project Hail Mary,en,Project Hail Mary,"Science teacher Ryland Grace wakes up on a spaceship light years from home with no recollection of who he is or how he got there. As his memory returns, he begins to uncover his mission: solve the riddle of the mysterious substance causing the sun to die out. He must call on his scientific knowledge and unorthodox ideas to save everything on Earth from extinction.",248.3935,/yihdXomYb5kTeSivtFndMy5iDmf.jpg,2026-03-15,False,False,8.655,4616
False,/9Z2uDYXqJrlmePznQQJhL6d92Rq.jpg,"[10751, 35, 12, 14, 16]",1226863,The Super Mario Galaxy Movie,en,The Super Mario Galaxy Movie,"Having thwarted Bowser's previous plot to marry Princess Peach, Mario and Luigi now face a fresh threat in Bowser Jr., who is determined to liberate his father from captivity and restore the family legacy. Alongside companions new and old, the brothers travel across the stars to stop the young heir's crusade.",227.7786,/eJGWx219ZcEMVQJhAgMiqo8tYY.jpg,2026-04-01,False,False,8.126,2332
False,/gRoZG3Z0zJxgElmTsVHOl2dNYXe.jpg,"[28, 80, 53]",1582770,Dhurandhar: The Revenge,hi,धुरंधर: द रिवेंज,"As rival gangs, corrupt officials and a ruthless Major Iqbal close in, Hamza's mission for his country spirals into a bloody personal war where the line between patriot and monster disappears in the streets of Lyari.",237.5949,/ov8vrRLZGoXHpYjSY9Vpv1tHJX7.jpg,2026-03-18,False,False,7.3,107
False,/1x9e0qWonw634NhIsRdvnneeqvN.jpg,"[10749, 18]",1523145,Your Heart Will Be Broken,ru,Твоё сердце будет разбито,"High school student Polina is saved from bullying at her new school and makes a deal with the main bully Bars: he must pretend to be her boyfriend and protect her, and she must do everything he says. During this game, the couple develops real feelings, but her family and classmates have reasons to separate the lovers.",223.9237,/7wIBfBl2gejt6xHxNSK0reVIm7E.jpg,2026-03-26,False,False,6.771,85
False,/nTimAHDG7PoycFF2afMZVPyOokg.jpg,"[28, 53]",1065834,Kattalan,ml,കാട്ടാളൻ,"Power-hungry forces clash in the Ivory cartel war-a fierce story of control, vengeance, and survival where compassion vanishes and only the ruthless endure.",234.4035,/9OA6y2GdbXuJ5PAMMMawNBIkrZA.jpg,2026-05-14,False,False,7.2,2
False,/zMwhWailP1WY7sb6AoE6b8ugoy.jpg,"[12, 16, 10751, 14]",1007757,Swapped,en,Swapped,"A small woodland creature and a majestic bird, two natural sworn enemies of the Valley, magically trade places and set off on an adventure of a lifetime to switch back. Their journey soon uncovers a greater threat—one that could endanger not only their species, but the entire valley they call home.",216.7283,/tHhxWxge06goXU6ZQH1hj7vK8Hd.jpg,2026-05-01,False,False,8.97,1562
False,/tlm8UkiQsitc8rSuIAscQDCnP8d.jpg,"[28, 878]",603,The Matrix,en,The Matrix,"Set in the 22nd century, The Matrix tells the story of a computer hacker who joins a group of underground insurgents fighting the vast and powerful computers who now rule the earth.",159.1934,/aOIuZAjPaRIE6CMzbazvcHuHXDc.jpg,1999-03-31,False,False,8.247,27944
False,/4BtL2vvEufDXDP4u6xQjjQ1Y2aT.jpg,"[28, 80, 18, 53]",1419406,The Shadow's Edge,zh,捕风追影,Macau Police brings the tracking expert police officer out of retirement to help catch a dangerous group of professional thieves.,169.7122,/cHKo3m8N1fwvEy2ZEr0xGmmMODV.jpg,2025-08-16,False,False,7.602,771
False,/kkRpcauZoBFKnH0Qsy7J5qtwBF5.jpg,"[10749, 18]",1371023,Chand Mera Dil,hi,चाँद मेरा दिल,"Aarav and Chandni's passionate college romance is struck by adulthood far too soon, forcing the two young lovers to balance their ambitions with responsibility and realize the evolved meaning of love.",151.5829,/9LPkXJustudEBgPZEm9tgDx5KtC.jpg,2026-05-22,False,False,3.833,3
False,/woZX9wZaiX70LbW7bOeNccNTIhp.jpg,[27],1430077,Hokum,en,Hokum,"When novelist Ohm Bauman retreats to a remote inn to scatter his parents' ashes, he is consumed by tales of a witch haunting the honeymoon suite. Disturbing visions and a shocking disappearance forces him to confront dark corners of his past.",179.2776,/jKPWwsbAM6HKURPYQ1eG8DmKMKn.jpg,2026-04-29,False,False,6.979,120
False,/gqGQ0zADV5FIcgMWtWX8FcGQjFp.jpg,"[27, 9648, 878]",1116201,Iron Lung,en,Iron Lung,"In a post-apocalyptic future where an event known as ""The Quiet Rapture"" caused all known stars and habitable planets in the universe to disappear, a convict is sent to search an ocean of blood discovered on a desolate moon, using a small submarine nicknamed the ""Iron Lung"".",155.0522,/sIwakdbMGS1krtgendTWpxTY9Hw.jpg,2026-01-30,False,False,7.214,203
False,/g8jcF5MhO5o5W7XYli4Zuc7LGGW.jpg,"[14, 12, 28, 10402]",104594,The Cave of the Silken Web,zh,盤絲洞,"Monkey King, Pig and Friar Sand must rescue his master Buddhist monk from seven witches / spiders who believe themselves to be immortal if they eat the monk's flesh. The third part of the Shaw Brothers film series about Monkey King after the novel ""Journey to the West.""",94.8315,/lEvNC9J2UzWc3PkptXMGcGVxSNq.jpg,1967-07-31,False,False,5.727,11
False,/6DfHl4CE88x7Rt9oyARQQm6bHXD.jpg,"[28, 53]",1510339,Mark,kn,ಮಾರ್ಕ್,"Mark is suspended from his police duties for his unruly yet effective ways of operating, but when 18 children are abducted and found dead, races to catch the criminals. With only 18 hours left, he must confront powerful foes and use unconventional tactics to succeed.",151.0469,/6LTDv6XHiHN0N77QIFg2tidVvhh.jpg,2025-12-25,False,False,4.0,1
False,/oBft4BZeoDQzTT9ZGijClr76qvK.jpg,"[28, 53]",1122573,In the Grey,en,In the Grey,"A covert team of elite operatives are living in the shadows. When a ruthless despot steals a billion-dollar fortune, they're sent to take it back—an impossible heist that erupts into a deadly game of strategy, deception and survival.",203.7507,/dQgIcW6Th08kMRf2HBoYWoFE6OD.jpg,2026-05-13,False,False,6.7,124
